episode,initial_crossings,final_crossings,improvement,episode_reward,mean_loss,epsilon,total_steps
0,81.0,86.0,-5.0,-0.06172839506172839,0.0005508847710811288,0.99954,50
1,892.0,892.0,0.0,0.0,6.679647220153128e-05,0.9990802115999999,100
2,691.0,688.0,3.0,0.0043415340086830675,4.428852324053878e-05,0.9986206347026639,150
3,1373.0,1363.0,10.0,0.007283321194464675,2.9275400866026757e-05,0.9981612692107007,200
4,669.0,668.0,1.0,0.0014947683109118098,7.761032997223082e-05,0.9977021150268638,250
