episode,initial_crossings,final_crossings,improvement,episode_reward,mean_loss,epsilon,total_steps
0,3.0,3.0,0.0,0.002810955047607422,0.0,0.99954,5
1,10.0,10.0,0.0,0.007564544677734376,0.0,0.9990802115999999,10
