episode,initial_crossings,final_crossings,improvement,episode_reward,mean_loss,epsilon,total_steps
0,647.0,650.0,-3.0,-0.0046367851622874795,0.0011280206955761013,0.99954,50
1,536.0,540.0,-4.0,-0.007462686567164178,9.053211377249681e-05,0.9990802115999999,100
2,759.0,761.0,-2.0,-0.0026350461133069834,4.995704968678183e-05,0.9986206347026639,150
3,232.0,232.0,0.0,0.0,6.322005940091913e-05,0.9981612692107007,200
4,1470.0,1468.0,2.0,0.0013605442176870732,0.0002000808519005659,0.9977021150268638,250
